n,kd_build_s,qt_build_s,kd_knn_ms,qt_knn_ms,kd_radius_ms,qt_radius_ms
1000,0.0021337090292945504,0.009752791956998408,0.03712000005180016,0.069211664958857,0.026821875071618706,0.042468124884180725
5000,0.01254008401883766,0.054757417005021125,0.04374479001853615,0.11661124997772276,0.10090583004057407,0.10065312497317791
10000,0.027424082974903286,0.11418716696789488,0.04675353993661702,0.1737654148018919,0.20639604481402785,0.15442770993104205
50000,0.19544708298053592,0.6653010830050334,0.05335104011464864,0.7325639601913281,0.9640974999638274,0.7024154198006727
100000,0.4815181669546291,1.387438417004887,0.06052666489267722,1.8673625000519678,2.295087084930856,1.5728602101444267
