n,kd_build_s,qt_build_s,kd_knn_ms,qt_knn_ms,kd_radius_ms,qt_radius_ms
1000,0.0014295830042101443,0.008101916988380253,0.024085830082185566,0.05069770500995219,0.02477145491866395,0.03759145474759862
5000,0.007873833004850894,0.04477770801167935,0.028714585059788078,0.12163792009232566,0.14357541484059766,0.10770499997306615
10000,0.020835959003306925,0.11768095899606124,0.03055478999158368,0.20517979486612603,0.20069500023964792,0.17561916989507154
50000,0.12212074996205047,0.5529031659825705,0.03750749980099499,1.298879579990171,1.4191931250388734,1.2601008347701281
100000,0.26748258399311453,1.222898209001869,0.03831708512734622,2.6003356248838827,3.0381397900055163,2.5015974999405444
120526,0.34445954201510176,1.4499666249612346,0.03848583495710045,3.035505000152625,3.288253959908616,2.8138306248001754
